{"train/loss": 2.3505218029022217, "_timestamp": 1694940389.6545265, "_runtime": 126.34931445121765, "_step": 100}